{"cameraMode":{"drawMode":0,"name":"Shaded","section":"Shading Mode"},"sceneLighting":false,"audioPlay":false,"sceneViewState":{"m_AlwaysRefresh":false,"showFog":true,"showSkybox":false,"showFlares":true,"showImageEffects":true,"showParticleSystems":true,"showVisualEffectGraphs":true,"m_FxEnabled":true},"in2DMode":false,"pivot":{"x":-0.9226944446563721,"y":2.5392208099365236,"z":1.3538051843643189},"rotation":{"x":0.12631894648075105,"y":0.6810256838798523,"z":-0.12098143249750138,"w":0.7110860347747803},"size":0.08660249412059784,"orthographic":false}