{"cameraMode":{"drawMode":0,"name":"Shaded","section":"Shading Mode"},"sceneLighting":false,"audioPlay":false,"sceneViewState":{"m_AlwaysRefresh":false,"showFog":true,"showSkybox":false,"showFlares":true,"showImageEffects":true,"showParticleSystems":true,"showVisualEffectGraphs":true,"m_FxEnabled":true},"in2DMode":false,"pivot":{"x":-1.822755217552185,"y":2.0506327152252199,"z":2.0777416229248049},"rotation":{"x":0.002434808760881424,"y":0.6774697303771973,"z":-0.0022422862239181997,"w":0.7355638146400452},"size":0.17320504784584046,"orthographic":false}