{"cameraMode":{"drawMode":0,"name":"Shaded","section":"Shading Mode"},"sceneLighting":true,"audioPlay":false,"sceneViewState":{"m_AlwaysRefresh":false,"showFog":true,"showSkybox":true,"showFlares":true,"showImageEffects":true,"showParticleSystems":true,"showVisualEffectGraphs":true,"m_FxEnabled":true},"in2DMode":false,"pivot":{"x":-8.546099662780762,"y":7.218066215515137,"z":2.2118067741394045},"rotation":{"x":0.14555558562278748,"y":0.4879881739616394,"z":-0.08292114734649658,"w":0.8566362261772156},"size":3.3175697326660158,"orthographic":false}